Имя;Ссылка;Цена;Наличие
Тапочки женские деми Family 00-00005465 Бежевый р.41 (27 см.);https://rozetka.com.ua/ua/313705261/p313705261/;480;Немає в наявності
Тапочки женские деми Family 00-00005471 Бежевый р.39 (25,5 см.);https://rozetka.com.ua/ua/313708273/p313708273/;480;Немає в наявності
Тапочки женские деми Family 00-00005412 Зеленый р.36 (22,4 см.);https://rozetka.com.ua/ua/313714222/p313714222/;350;Немає в наявності
Тапочки женские деми Family 00-00007379 Бежевый р.38/39 (24 см.);https://rozetka.com.ua/ua/335845894/p335845894/;469;Немає в наявності
Тапочки женские деми Family 00-00007294 Серый р.38 (24,1 см.);https://rozetka.com.ua/ua/335847433/p335847433/;400;Немає в наявності
Тапочки женские деми Family 00-00005373 Розовый р.41 (27 см.);https://rozetka.com.ua/ua/313705960/p313705960/;480;Немає в наявності
Тапочки женские деми Family 00-00005391 Розовый р.38 (24,1 см.);https://rozetka.com.ua/ua/313707244/p313707244/;699;Немає в наявності
Тапочки женские деми Family 00-00005419 Красный р.40 (25,6 см.);https://rozetka.com.ua/ua/313706542/p313706542/;420;Немає в наявності
Тапочки женские деми Family 00-00007332 Бордовый р.38 (24,1 см.);https://rozetka.com.ua/ua/335845954/p335845954/;480;Немає в наявності
Тапочки женские деми Family 00-00007166 Розовый р.39 (25,5 см.);https://rozetka.com.ua/ua/335846734/p335846734/;699;Немає в наявності
Тапочки женские деми Family 00-00007477 Фиолетовый р.38/39 (24 см.);https://rozetka.com.ua/ua/335848129/p335848129/;549;Немає в наявності
Тапочки женские деми Family 00-00007313 Синий р.38 (24,1 см.);https://rozetka.com.ua/ua/335846149/p335846149/;420;Немає в наявності
Тапочки женские деми Family 00-00009899 Фиолетовый р.40/41 (25,5 см.);https://rozetka.com.ua/ua/319324900/p319324900/;499;Немає в наявності
Тапочки женские деми Family 00-00005337 Красный р.40 (25,6 см.);https://rozetka.com.ua/ua/313705270/p313705270/;350;Немає в наявності
Тапочки женские деми Family 00-00005477 Серый р.41 (27 см.);https://rozetka.com.ua/ua/313715707/p313715707/;480;Немає в наявності
Тапочки женские деми Family 00-00005451 Черный р.38 (24,1 см.);https://rozetka.com.ua/ua/313705672/p313705672/;420;Немає в наявності
Тапочки женские деми Family 00-00005392 Розовый р.37 (24 см.);https://rozetka.com.ua/ua/313712710/p313712710/;699;Немає в наявності
Тапочки женские деми Family 00-00005430 Серый р.38 (24,1 см.);https://rozetka.com.ua/ua/313715152/p313715152/;400;Немає в наявності
Тапочки женские деми Family 00-00005406 Черный р.39 (25,5 см.);https://rozetka.com.ua/ua/313714870/p313714870/;500;Немає в наявності
Тапочки женские деми Family 00-00005389 Фиолетовый р.38 (24,1 см.);https://rozetka.com.ua/ua/313709710/p313709710/;699;Немає в наявності
Тапочки женские деми Family 00-00005435 Черный р.36 (22,4 см.);https://rozetka.com.ua/ua/313708660/p313708660/;420;Немає в наявності
Тапочки женские деми Family 00-00005340 Красный р.38 (24,1 см.);https://rozetka.com.ua/ua/313710280/p313710280/;420;Немає в наявності
Тапочки женские деми Family 00-00005405 Черный р.38 (24,1 см.);https://rozetka.com.ua/ua/313711444/p313711444/;500;Немає в наявності
Тапочки женские деми Family 00-00005342 Красный р.41 (27 см.);https://rozetka.com.ua/ua/313711474/p313711474/;420;Немає в наявності
Тапочки женские деми Family 00-00005341 Красный р.40 (25,6 см.);https://rozetka.com.ua/ua/313711210/p313711210/;420;Немає в наявності
Тапочки женские деми Family 00-00005346 Красный р.37 (24 см.);https://rozetka.com.ua/ua/313711894/p313711894/;420;Немає в наявності
Тапочки женские деми Family 00-00005385 Черный р.38 (24,1 см.);https://rozetka.com.ua/ua/313712074/p313712074/;699;Немає в наявності
Тапочки женские деми Family 00-00005441 Зеленый р.36 (22,4 см.);https://rozetka.com.ua/ua/313711750/p313711750/;400;Немає в наявності
Тапочки женские деми Family 00-00005395 Зеленый р.37 (24 см.);https://rozetka.com.ua/ua/313712080/p313712080/;699;Немає в наявності
Тапочки женские деми Family 00-00005383 Розовый р.40 (25,6 см.);https://rozetka.com.ua/ua/313705024/p313705024/;699;Немає в наявності
Тапочки женские деми Family 00-00005439 Синий р.40 (25,6 см.);https://rozetka.com.ua/ua/313713454/p313713454/;400;Немає в наявності
Тапочки женские деми Family 00-00005463 Фиолетовый р.37 (24 см.);https://rozetka.com.ua/ua/313705414/p313705414/;480;Немає в наявності
Тапочки женские деми Family 00-00005394 Зеленый р.39 (25,5 см.);https://rozetka.com.ua/ua/313705684/p313705684/;699;Немає в наявності
Тапочки женские деми Family 00-00005470 Белый р.38 (24,1 см.);https://rozetka.com.ua/ua/313713310/p313713310/;480;Немає в наявності
Тапочки женские деми Family 00-00005369 Белый р.39 (25,5 см.);https://rozetka.com.ua/ua/313705000/p313705000/;480;Немає в наявності
Тапочки женские деми Family 00-00005378 Розовый р.37 (24 см.);https://rozetka.com.ua/ua/313714234/p313714234/;350;Немає в наявності
Тапочки женские деми Family 00-00005465 Бежевый р.41 (27 см.);https://rozetka.com.ua/ua/313705261/p313705261/;480;Немає в наявності
Тапочки женские деми Family 00-00005471 Бежевый р.39 (25,5 см.);https://rozetka.com.ua/ua/313708273/p313708273/;480;Немає в наявності
Тапочки женские деми Family 00-00005412 Зеленый р.36 (22,4 см.);https://rozetka.com.ua/ua/313714222/p313714222/;350;Немає в наявності
Тапочки женские деми Family 00-00007379 Бежевый р.38/39 (24 см.);https://rozetka.com.ua/ua/335845894/p335845894/;469;Немає в наявності
Тапочки женские деми Family 00-00007294 Серый р.38 (24,1 см.);https://rozetka.com.ua/ua/335847433/p335847433/;400;Немає в наявності
Тапочки женские деми Family 00-00005373 Розовый р.41 (27 см.);https://rozetka.com.ua/ua/313705960/p313705960/;480;Немає в наявності
Тапочки женские деми Family 00-00005391 Розовый р.38 (24,1 см.);https://rozetka.com.ua/ua/313707244/p313707244/;699;Немає в наявності
Тапочки женские деми Family 00-00005419 Красный р.40 (25,6 см.);https://rozetka.com.ua/ua/313706542/p313706542/;420;Немає в наявності
Тапочки женские деми Family 00-00007332 Бордовый р.38 (24,1 см.);https://rozetka.com.ua/ua/335845954/p335845954/;480;Немає в наявності
Тапочки женские деми Family 00-00007166 Розовый р.39 (25,5 см.);https://rozetka.com.ua/ua/335846734/p335846734/;699;Немає в наявності
Тапочки женские деми Family 00-00007477 Фиолетовый р.38/39 (24 см.);https://rozetka.com.ua/ua/335848129/p335848129/;549;Немає в наявності
Тапочки женские деми Family 00-00007313 Синий р.38 (24,1 см.);https://rozetka.com.ua/ua/335846149/p335846149/;420;Немає в наявності
Тапочки женские деми Family 00-00009899 Фиолетовый р.40/41 (25,5 см.);https://rozetka.com.ua/ua/319324900/p319324900/;499;Немає в наявності
Тапочки женские деми Family 00-00005337 Красный р.40 (25,6 см.);https://rozetka.com.ua/ua/313705270/p313705270/;350;Немає в наявності
Тапочки женские деми Family 00-00005477 Серый р.41 (27 см.);https://rozetka.com.ua/ua/313715707/p313715707/;480;Немає в наявності
Тапочки женские деми Family 00-00005451 Черный р.38 (24,1 см.);https://rozetka.com.ua/ua/313705672/p313705672/;420;Немає в наявності
Тапочки женские деми Family 00-00005392 Розовый р.37 (24 см.);https://rozetka.com.ua/ua/313712710/p313712710/;699;Немає в наявності
Тапочки женские деми Family 00-00005430 Серый р.38 (24,1 см.);https://rozetka.com.ua/ua/313715152/p313715152/;400;Немає в наявності
Тапочки женские деми Family 00-00005406 Черный р.39 (25,5 см.);https://rozetka.com.ua/ua/313714870/p313714870/;500;Немає в наявності
Тапочки женские деми Family 00-00005389 Фиолетовый р.38 (24,1 см.);https://rozetka.com.ua/ua/313709710/p313709710/;699;Немає в наявності
Тапочки женские деми Family 00-00005435 Черный р.36 (22,4 см.);https://rozetka.com.ua/ua/313708660/p313708660/;420;Немає в наявності
Тапочки женские деми Family 00-00005340 Красный р.38 (24,1 см.);https://rozetka.com.ua/ua/313710280/p313710280/;420;Немає в наявності
Тапочки женские деми Family 00-00005405 Черный р.38 (24,1 см.);https://rozetka.com.ua/ua/313711444/p313711444/;500;Немає в наявності
Тапочки женские деми Family 00-00005342 Красный р.41 (27 см.);https://rozetka.com.ua/ua/313711474/p313711474/;420;Немає в наявності
Тапочки женские деми Family 00-00005341 Красный р.40 (25,6 см.);https://rozetka.com.ua/ua/313711210/p313711210/;420;Немає в наявності
Тапочки женские деми Family 00-00005346 Красный р.37 (24 см.);https://rozetka.com.ua/ua/313711894/p313711894/;420;Немає в наявності
Тапочки женские деми Family 00-00005385 Черный р.38 (24,1 см.);https://rozetka.com.ua/ua/313712074/p313712074/;699;Немає в наявності
Тапочки женские деми Family 00-00005441 Зеленый р.36 (22,4 см.);https://rozetka.com.ua/ua/313711750/p313711750/;400;Немає в наявності
Тапочки женские деми Family 00-00005395 Зеленый р.37 (24 см.);https://rozetka.com.ua/ua/313712080/p313712080/;699;Немає в наявності
Тапочки женские деми Family 00-00005383 Розовый р.40 (25,6 см.);https://rozetka.com.ua/ua/313705024/p313705024/;699;Немає в наявності
Тапочки женские деми Family 00-00005439 Синий р.40 (25,6 см.);https://rozetka.com.ua/ua/313713454/p313713454/;400;Немає в наявності
Тапочки женские деми Family 00-00005463 Фиолетовый р.37 (24 см.);https://rozetka.com.ua/ua/313705414/p313705414/;480;Немає в наявності
Тапочки женские деми Family 00-00005394 Зеленый р.39 (25,5 см.);https://rozetka.com.ua/ua/313705684/p313705684/;699;Немає в наявності
Тапочки женские деми Family 00-00005470 Белый р.38 (24,1 см.);https://rozetka.com.ua/ua/313713310/p313713310/;480;Немає в наявності
Тапочки женские деми Family 00-00005369 Белый р.39 (25,5 см.);https://rozetka.com.ua/ua/313705000/p313705000/;480;Немає в наявності
Тапочки женские деми Family 00-00005378 Розовый р.37 (24 см.);https://rozetka.com.ua/ua/313714234/p313714234/;350;Немає в наявності
Тапочки женские деми Family 00-00005465 Бежевый р.41 (27 см.);https://rozetka.com.ua/ua/313705261/p313705261/;480;Немає в наявності
Тапочки женские деми Family 00-00005471 Бежевый р.39 (25,5 см.);https://rozetka.com.ua/ua/313708273/p313708273/;480;Немає в наявності
Тапочки женские деми Family 00-00005412 Зеленый р.36 (22,4 см.);https://rozetka.com.ua/ua/313714222/p313714222/;350;Немає в наявності
Тапочки женские деми Family 00-00007379 Бежевый р.38/39 (24 см.);https://rozetka.com.ua/ua/335845894/p335845894/;469;Немає в наявності
Тапочки женские деми Family 00-00007294 Серый р.38 (24,1 см.);https://rozetka.com.ua/ua/335847433/p335847433/;400;Немає в наявності
Тапочки женские деми Family 00-00005373 Розовый р.41 (27 см.);https://rozetka.com.ua/ua/313705960/p313705960/;480;Немає в наявності
Тапочки женские деми Family 00-00005391 Розовый р.38 (24,1 см.);https://rozetka.com.ua/ua/313707244/p313707244/;699;Немає в наявності
Тапочки женские деми Family 00-00005419 Красный р.40 (25,6 см.);https://rozetka.com.ua/ua/313706542/p313706542/;420;Немає в наявності
Тапочки женские деми Family 00-00007332 Бордовый р.38 (24,1 см.);https://rozetka.com.ua/ua/335845954/p335845954/;480;Немає в наявності
Тапочки женские деми Family 00-00007166 Розовый р.39 (25,5 см.);https://rozetka.com.ua/ua/335846734/p335846734/;699;Немає в наявності
Тапочки женские деми Family 00-00007477 Фиолетовый р.38/39 (24 см.);https://rozetka.com.ua/ua/335848129/p335848129/;549;Немає в наявності
Тапочки женские деми Family 00-00007313 Синий р.38 (24,1 см.);https://rozetka.com.ua/ua/335846149/p335846149/;420;Немає в наявності
Тапочки женские деми Family 00-00009899 Фиолетовый р.40/41 (25,5 см.);https://rozetka.com.ua/ua/319324900/p319324900/;499;Немає в наявності
Тапочки женские деми Family 00-00005337 Красный р.40 (25,6 см.);https://rozetka.com.ua/ua/313705270/p313705270/;350;Немає в наявності
Тапочки женские деми Family 00-00005477 Серый р.41 (27 см.);https://rozetka.com.ua/ua/313715707/p313715707/;480;Немає в наявності
Тапочки женские деми Family 00-00005451 Черный р.38 (24,1 см.);https://rozetka.com.ua/ua/313705672/p313705672/;420;Немає в наявності
Тапочки женские деми Family 00-00005392 Розовый р.37 (24 см.);https://rozetka.com.ua/ua/313712710/p313712710/;699;Немає в наявності
Тапочки женские деми Family 00-00005430 Серый р.38 (24,1 см.);https://rozetka.com.ua/ua/313715152/p313715152/;400;Немає в наявності
Тапочки женские деми Family 00-00005406 Черный р.39 (25,5 см.);https://rozetka.com.ua/ua/313714870/p313714870/;500;Немає в наявності
Тапочки женские деми Family 00-00005389 Фиолетовый р.38 (24,1 см.);https://rozetka.com.ua/ua/313709710/p313709710/;699;Немає в наявності
Тапочки женские деми Family 00-00005435 Черный р.36 (22,4 см.);https://rozetka.com.ua/ua/313708660/p313708660/;420;Немає в наявності
Тапочки женские деми Family 00-00005340 Красный р.38 (24,1 см.);https://rozetka.com.ua/ua/313710280/p313710280/;420;Немає в наявності
Тапочки женские деми Family 00-00005405 Черный р.38 (24,1 см.);https://rozetka.com.ua/ua/313711444/p313711444/;500;Немає в наявності
Тапочки женские деми Family 00-00005342 Красный р.41 (27 см.);https://rozetka.com.ua/ua/313711474/p313711474/;420;Немає в наявності
Тапочки женские деми Family 00-00005341 Красный р.40 (25,6 см.);https://rozetka.com.ua/ua/313711210/p313711210/;420;Немає в наявності
Тапочки женские деми Family 00-00005346 Красный р.37 (24 см.);https://rozetka.com.ua/ua/313711894/p313711894/;420;Немає в наявності
Тапочки женские деми Family 00-00005385 Черный р.38 (24,1 см.);https://rozetka.com.ua/ua/313712074/p313712074/;699;Немає в наявності
Тапочки женские деми Family 00-00005441 Зеленый р.36 (22,4 см.);https://rozetka.com.ua/ua/313711750/p313711750/;400;Немає в наявності
Тапочки женские деми Family 00-00005395 Зеленый р.37 (24 см.);https://rozetka.com.ua/ua/313712080/p313712080/;699;Немає в наявності
Тапочки женские деми Family 00-00005383 Розовый р.40 (25,6 см.);https://rozetka.com.ua/ua/313705024/p313705024/;699;Немає в наявності
Тапочки женские деми Family 00-00005439 Синий р.40 (25,6 см.);https://rozetka.com.ua/ua/313713454/p313713454/;400;Немає в наявності
Тапочки женские деми Family 00-00005463 Фиолетовый р.37 (24 см.);https://rozetka.com.ua/ua/313705414/p313705414/;480;Немає в наявності
Тапочки женские деми Family 00-00005394 Зеленый р.39 (25,5 см.);https://rozetka.com.ua/ua/313705684/p313705684/;699;Немає в наявності
Тапочки женские деми Family 00-00005470 Белый р.38 (24,1 см.);https://rozetka.com.ua/ua/313713310/p313713310/;480;Немає в наявності
Тапочки женские деми Family 00-00005369 Белый р.39 (25,5 см.);https://rozetka.com.ua/ua/313705000/p313705000/;480;Немає в наявності
Тапочки женские деми Family 00-00005378 Розовый р.37 (24 см.);https://rozetka.com.ua/ua/313714234/p313714234/;350;Немає в наявності
Тапочки женские деми Family 00-00005465 Бежевый р.41 (27 см.);https://rozetka.com.ua/ua/313705261/p313705261/;480;Немає в наявності
Тапочки женские деми Family 00-00005471 Бежевый р.39 (25,5 см.);https://rozetka.com.ua/ua/313708273/p313708273/;480;Немає в наявності
Тапочки женские деми Family 00-00005412 Зеленый р.36 (22,4 см.);https://rozetka.com.ua/ua/313714222/p313714222/;350;Немає в наявності
Тапочки женские деми Family 00-00007379 Бежевый р.38/39 (24 см.);https://rozetka.com.ua/ua/335845894/p335845894/;469;Немає в наявності
Тапочки женские деми Family 00-00007294 Серый р.38 (24,1 см.);https://rozetka.com.ua/ua/335847433/p335847433/;400;Немає в наявності
Тапочки женские деми Family 00-00005373 Розовый р.41 (27 см.);https://rozetka.com.ua/ua/313705960/p313705960/;480;Немає в наявності
Тапочки женские деми Family 00-00005391 Розовый р.38 (24,1 см.);https://rozetka.com.ua/ua/313707244/p313707244/;699;Немає в наявності
Тапочки женские деми Family 00-00005419 Красный р.40 (25,6 см.);https://rozetka.com.ua/ua/313706542/p313706542/;420;Немає в наявності
Тапочки женские деми Family 00-00007332 Бордовый р.38 (24,1 см.);https://rozetka.com.ua/ua/335845954/p335845954/;480;Немає в наявності
Тапочки женские деми Family 00-00007166 Розовый р.39 (25,5 см.);https://rozetka.com.ua/ua/335846734/p335846734/;699;Немає в наявності
Тапочки женские деми Family 00-00007477 Фиолетовый р.38/39 (24 см.);https://rozetka.com.ua/ua/335848129/p335848129/;549;Немає в наявності
Тапочки женские деми Family 00-00007313 Синий р.38 (24,1 см.);https://rozetka.com.ua/ua/335846149/p335846149/;420;Немає в наявності
Тапочки женские деми Family 00-00009899 Фиолетовый р.40/41 (25,5 см.);https://rozetka.com.ua/ua/319324900/p319324900/;499;Немає в наявності
Тапочки женские деми Family 00-00005337 Красный р.40 (25,6 см.);https://rozetka.com.ua/ua/313705270/p313705270/;350;Немає в наявності
Тапочки женские деми Family 00-00005477 Серый р.41 (27 см.);https://rozetka.com.ua/ua/313715707/p313715707/;480;Немає в наявності
Тапочки женские деми Family 00-00005451 Черный р.38 (24,1 см.);https://rozetka.com.ua/ua/313705672/p313705672/;420;Немає в наявності
Тапочки женские деми Family 00-00005392 Розовый р.37 (24 см.);https://rozetka.com.ua/ua/313712710/p313712710/;699;Немає в наявності
Тапочки женские деми Family 00-00005430 Серый р.38 (24,1 см.);https://rozetka.com.ua/ua/313715152/p313715152/;400;Немає в наявності
Тапочки женские деми Family 00-00005406 Черный р.39 (25,5 см.);https://rozetka.com.ua/ua/313714870/p313714870/;500;Немає в наявності
Тапочки женские деми Family 00-00005389 Фиолетовый р.38 (24,1 см.);https://rozetka.com.ua/ua/313709710/p313709710/;699;Немає в наявності
Тапочки женские деми Family 00-00005435 Черный р.36 (22,4 см.);https://rozetka.com.ua/ua/313708660/p313708660/;420;Немає в наявності
Тапочки женские деми Family 00-00005340 Красный р.38 (24,1 см.);https://rozetka.com.ua/ua/313710280/p313710280/;420;Немає в наявності
Тапочки женские деми Family 00-00005405 Черный р.38 (24,1 см.);https://rozetka.com.ua/ua/313711444/p313711444/;500;Немає в наявності
Тапочки женские деми Family 00-00005342 Красный р.41 (27 см.);https://rozetka.com.ua/ua/313711474/p313711474/;420;Немає в наявності
Тапочки женские деми Family 00-00005341 Красный р.40 (25,6 см.);https://rozetka.com.ua/ua/313711210/p313711210/;420;Немає в наявності
Тапочки женские деми Family 00-00005346 Красный р.37 (24 см.);https://rozetka.com.ua/ua/313711894/p313711894/;420;Немає в наявності
Тапочки женские деми Family 00-00005385 Черный р.38 (24,1 см.);https://rozetka.com.ua/ua/313712074/p313712074/;699;Немає в наявності
Тапочки женские деми Family 00-00005441 Зеленый р.36 (22,4 см.);https://rozetka.com.ua/ua/313711750/p313711750/;400;Немає в наявності
Тапочки женские деми Family 00-00005395 Зеленый р.37 (24 см.);https://rozetka.com.ua/ua/313712080/p313712080/;699;Немає в наявності
Тапочки женские деми Family 00-00005383 Розовый р.40 (25,6 см.);https://rozetka.com.ua/ua/313705024/p313705024/;699;Немає в наявності
Тапочки женские деми Family 00-00005439 Синий р.40 (25,6 см.);https://rozetka.com.ua/ua/313713454/p313713454/;400;Немає в наявності
Тапочки женские деми Family 00-00005463 Фиолетовый р.37 (24 см.);https://rozetka.com.ua/ua/313705414/p313705414/;480;Немає в наявності
Тапочки женские деми Family 00-00005394 Зеленый р.39 (25,5 см.);https://rozetka.com.ua/ua/313705684/p313705684/;699;Немає в наявності
Тапочки женские деми Family 00-00005470 Белый р.38 (24,1 см.);https://rozetka.com.ua/ua/313713310/p313713310/;480;Немає в наявності
Тапочки женские деми Family 00-00005369 Белый р.39 (25,5 см.);https://rozetka.com.ua/ua/313705000/p313705000/;480;Немає в наявності
Тапочки женские деми Family 00-00005378 Розовый р.37 (24 см.);https://rozetka.com.ua/ua/313714234/p313714234/;350;Немає в наявності
Тапочки женские деми Family 00-00005465 Бежевый р.41 (27 см.);https://rozetka.com.ua/ua/313705261/p313705261/;480;Немає в наявності
Тапочки женские деми Family 00-00005471 Бежевый р.39 (25,5 см.);https://rozetka.com.ua/ua/313708273/p313708273/;480;Немає в наявності
Тапочки женские деми Family 00-00005412 Зеленый р.36 (22,4 см.);https://rozetka.com.ua/ua/313714222/p313714222/;350;Немає в наявності
Тапочки женские деми Family 00-00007379 Бежевый р.38/39 (24 см.);https://rozetka.com.ua/ua/335845894/p335845894/;469;Немає в наявності
Тапочки женские деми Family 00-00007294 Серый р.38 (24,1 см.);https://rozetka.com.ua/ua/335847433/p335847433/;400;Немає в наявності
Тапочки женские деми Family 00-00005373 Розовый р.41 (27 см.);https://rozetka.com.ua/ua/313705960/p313705960/;480;Немає в наявності
Тапочки женские деми Family 00-00005391 Розовый р.38 (24,1 см.);https://rozetka.com.ua/ua/313707244/p313707244/;699;Немає в наявності
Тапочки женские деми Family 00-00005419 Красный р.40 (25,6 см.);https://rozetka.com.ua/ua/313706542/p313706542/;420;Немає в наявності
Тапочки женские деми Family 00-00007332 Бордовый р.38 (24,1 см.);https://rozetka.com.ua/ua/335845954/p335845954/;480;Немає в наявності
Тапочки женские деми Family 00-00007166 Розовый р.39 (25,5 см.);https://rozetka.com.ua/ua/335846734/p335846734/;699;Немає в наявності
Тапочки женские деми Family 00-00007477 Фиолетовый р.38/39 (24 см.);https://rozetka.com.ua/ua/335848129/p335848129/;549;Немає в наявності
Тапочки женские деми Family 00-00007313 Синий р.38 (24,1 см.);https://rozetka.com.ua/ua/335846149/p335846149/;420;Немає в наявності
Тапочки женские деми Family 00-00009899 Фиолетовый р.40/41 (25,5 см.);https://rozetka.com.ua/ua/319324900/p319324900/;499;Немає в наявності
Тапочки женские деми Family 00-00005337 Красный р.40 (25,6 см.);https://rozetka.com.ua/ua/313705270/p313705270/;350;Немає в наявності
Тапочки женские деми Family 00-00005477 Серый р.41 (27 см.);https://rozetka.com.ua/ua/313715707/p313715707/;480;Немає в наявності
Тапочки женские деми Family 00-00005451 Черный р.38 (24,1 см.);https://rozetka.com.ua/ua/313705672/p313705672/;420;Немає в наявності
Тапочки женские деми Family 00-00005392 Розовый р.37 (24 см.);https://rozetka.com.ua/ua/313712710/p313712710/;699;Немає в наявності
Тапочки женские деми Family 00-00005430 Серый р.38 (24,1 см.);https://rozetka.com.ua/ua/313715152/p313715152/;400;Немає в наявності
Тапочки женские деми Family 00-00005406 Черный р.39 (25,5 см.);https://rozetka.com.ua/ua/313714870/p313714870/;500;Немає в наявності
Тапочки женские деми Family 00-00005389 Фиолетовый р.38 (24,1 см.);https://rozetka.com.ua/ua/313709710/p313709710/;699;Немає в наявності
Тапочки женские деми Family 00-00005435 Черный р.36 (22,4 см.);https://rozetka.com.ua/ua/313708660/p313708660/;420;Немає в наявності
Тапочки женские деми Family 00-00005340 Красный р.38 (24,1 см.);https://rozetka.com.ua/ua/313710280/p313710280/;420;Немає в наявності
Тапочки женские деми Family 00-00005405 Черный р.38 (24,1 см.);https://rozetka.com.ua/ua/313711444/p313711444/;500;Немає в наявності
Тапочки женские деми Family 00-00005342 Красный р.41 (27 см.);https://rozetka.com.ua/ua/313711474/p313711474/;420;Немає в наявності
Тапочки женские деми Family 00-00005341 Красный р.40 (25,6 см.);https://rozetka.com.ua/ua/313711210/p313711210/;420;Немає в наявності
Тапочки женские деми Family 00-00005346 Красный р.37 (24 см.);https://rozetka.com.ua/ua/313711894/p313711894/;420;Немає в наявності
Тапочки женские деми Family 00-00005385 Черный р.38 (24,1 см.);https://rozetka.com.ua/ua/313712074/p313712074/;699;Немає в наявності
Тапочки женские деми Family 00-00005441 Зеленый р.36 (22,4 см.);https://rozetka.com.ua/ua/313711750/p313711750/;400;Немає в наявності
Тапочки женские деми Family 00-00005395 Зеленый р.37 (24 см.);https://rozetka.com.ua/ua/313712080/p313712080/;699;Немає в наявності
Тапочки женские деми Family 00-00005383 Розовый р.40 (25,6 см.);https://rozetka.com.ua/ua/313705024/p313705024/;699;Немає в наявності
Тапочки женские деми Family 00-00005439 Синий р.40 (25,6 см.);https://rozetka.com.ua/ua/313713454/p313713454/;400;Немає в наявності
Тапочки женские деми Family 00-00005463 Фиолетовый р.37 (24 см.);https://rozetka.com.ua/ua/313705414/p313705414/;480;Немає в наявності
Тапочки женские деми Family 00-00005394 Зеленый р.39 (25,5 см.);https://rozetka.com.ua/ua/313705684/p313705684/;699;Немає в наявності
Тапочки женские деми Family 00-00005470 Белый р.38 (24,1 см.);https://rozetka.com.ua/ua/313713310/p313713310/;480;Немає в наявності
Тапочки женские деми Family 00-00005369 Белый р.39 (25,5 см.);https://rozetka.com.ua/ua/313705000/p313705000/;480;Немає в наявності
Тапочки женские деми Family 00-00005378 Розовый р.37 (24 см.);https://rozetka.com.ua/ua/313714234/p313714234/;350;Немає в наявності
Тапочки женские деми Family 00-00005465 Бежевый р.41 (27 см.);https://rozetka.com.ua/ua/313705261/p313705261/;480;Немає в наявності
Тапочки женские деми Family 00-00005471 Бежевый р.39 (25,5 см.);https://rozetka.com.ua/ua/313708273/p313708273/;480;Немає в наявності
Тапочки женские деми Family 00-00005412 Зеленый р.36 (22,4 см.);https://rozetka.com.ua/ua/313714222/p313714222/;350;Немає в наявності
Тапочки женские деми Family 00-00007379 Бежевый р.38/39 (24 см.);https://rozetka.com.ua/ua/335845894/p335845894/;469;Немає в наявності
Тапочки женские деми Family 00-00007294 Серый р.38 (24,1 см.);https://rozetka.com.ua/ua/335847433/p335847433/;400;Немає в наявності
Тапочки женские деми Family 00-00005373 Розовый р.41 (27 см.);https://rozetka.com.ua/ua/313705960/p313705960/;480;Немає в наявності
Тапочки женские деми Family 00-00005391 Розовый р.38 (24,1 см.);https://rozetka.com.ua/ua/313707244/p313707244/;699;Немає в наявності
Тапочки женские деми Family 00-00005419 Красный р.40 (25,6 см.);https://rozetka.com.ua/ua/313706542/p313706542/;420;Немає в наявності
Тапочки женские деми Family 00-00007332 Бордовый р.38 (24,1 см.);https://rozetka.com.ua/ua/335845954/p335845954/;480;Немає в наявності
Тапочки женские деми Family 00-00007166 Розовый р.39 (25,5 см.);https://rozetka.com.ua/ua/335846734/p335846734/;699;Немає в наявності
Тапочки женские деми Family 00-00007477 Фиолетовый р.38/39 (24 см.);https://rozetka.com.ua/ua/335848129/p335848129/;549;Немає в наявності
Тапочки женские деми Family 00-00007313 Синий р.38 (24,1 см.);https://rozetka.com.ua/ua/335846149/p335846149/;420;Немає в наявності
Тапочки женские деми Family 00-00009899 Фиолетовый р.40/41 (25,5 см.);https://rozetka.com.ua/ua/319324900/p319324900/;499;Немає в наявності
Тапочки женские деми Family 00-00005337 Красный р.40 (25,6 см.);https://rozetka.com.ua/ua/313705270/p313705270/;350;Немає в наявності
Тапочки женские деми Family 00-00005477 Серый р.41 (27 см.);https://rozetka.com.ua/ua/313715707/p313715707/;480;Немає в наявності
Тапочки женские деми Family 00-00005451 Черный р.38 (24,1 см.);https://rozetka.com.ua/ua/313705672/p313705672/;420;Немає в наявності
Тапочки женские деми Family 00-00005392 Розовый р.37 (24 см.);https://rozetka.com.ua/ua/313712710/p313712710/;699;Немає в наявності
Тапочки женские деми Family 00-00005430 Серый р.38 (24,1 см.);https://rozetka.com.ua/ua/313715152/p313715152/;400;Немає в наявності
Тапочки женские деми Family 00-00005406 Черный р.39 (25,5 см.);https://rozetka.com.ua/ua/313714870/p313714870/;500;Немає в наявності
Тапочки женские деми Family 00-00005389 Фиолетовый р.38 (24,1 см.);https://rozetka.com.ua/ua/313709710/p313709710/;699;Немає в наявності
Тапочки женские деми Family 00-00005435 Черный р.36 (22,4 см.);https://rozetka.com.ua/ua/313708660/p313708660/;420;Немає в наявності
Тапочки женские деми Family 00-00005340 Красный р.38 (24,1 см.);https://rozetka.com.ua/ua/313710280/p313710280/;420;Немає в наявності
Тапочки женские деми Family 00-00005405 Черный р.38 (24,1 см.);https://rozetka.com.ua/ua/313711444/p313711444/;500;Немає в наявності
Тапочки женские деми Family 00-00005342 Красный р.41 (27 см.);https://rozetka.com.ua/ua/313711474/p313711474/;420;Немає в наявності
Тапочки женские деми Family 00-00005341 Красный р.40 (25,6 см.);https://rozetka.com.ua/ua/313711210/p313711210/;420;Немає в наявності
Тапочки женские деми Family 00-00005346 Красный р.37 (24 см.);https://rozetka.com.ua/ua/313711894/p313711894/;420;Немає в наявності
Тапочки женские деми Family 00-00005385 Черный р.38 (24,1 см.);https://rozetka.com.ua/ua/313712074/p313712074/;699;Немає в наявності
Тапочки женские деми Family 00-00005441 Зеленый р.36 (22,4 см.);https://rozetka.com.ua/ua/313711750/p313711750/;400;Немає в наявності
Тапочки женские деми Family 00-00005395 Зеленый р.37 (24 см.);https://rozetka.com.ua/ua/313712080/p313712080/;699;Немає в наявності
Тапочки женские деми Family 00-00005383 Розовый р.40 (25,6 см.);https://rozetka.com.ua/ua/313705024/p313705024/;699;Немає в наявності
Тапочки женские деми Family 00-00005439 Синий р.40 (25,6 см.);https://rozetka.com.ua/ua/313713454/p313713454/;400;Немає в наявності
Тапочки женские деми Family 00-00005463 Фиолетовый р.37 (24 см.);https://rozetka.com.ua/ua/313705414/p313705414/;480;Немає в наявності
Тапочки женские деми Family 00-00005394 Зеленый р.39 (25,5 см.);https://rozetka.com.ua/ua/313705684/p313705684/;699;Немає в наявності
Тапочки женские деми Family 00-00005470 Белый р.38 (24,1 см.);https://rozetka.com.ua/ua/313713310/p313713310/;480;Немає в наявності
Тапочки женские деми Family 00-00005369 Белый р.39 (25,5 см.);https://rozetka.com.ua/ua/313705000/p313705000/;480;Немає в наявності
Тапочки женские деми Family 00-00005378 Розовый р.37 (24 см.);https://rozetka.com.ua/ua/313714234/p313714234/;350;Немає в наявності
Тапочки женские деми Family 00-00005465 Бежевый р.41 (27 см.);https://rozetka.com.ua/ua/313705261/p313705261/;480;Немає в наявності
Тапочки женские деми Family 00-00005471 Бежевый р.39 (25,5 см.);https://rozetka.com.ua/ua/313708273/p313708273/;480;Немає в наявності
Тапочки женские деми Family 00-00005412 Зеленый р.36 (22,4 см.);https://rozetka.com.ua/ua/313714222/p313714222/;350;Немає в наявності
Тапочки женские деми Family 00-00007379 Бежевый р.38/39 (24 см.);https://rozetka.com.ua/ua/335845894/p335845894/;469;Немає в наявності
Тапочки женские деми Family 00-00007294 Серый р.38 (24,1 см.);https://rozetka.com.ua/ua/335847433/p335847433/;400;Немає в наявності
Тапочки женские деми Family 00-00005373 Розовый р.41 (27 см.);https://rozetka.com.ua/ua/313705960/p313705960/;480;Немає в наявності
Тапочки женские деми Family 00-00005391 Розовый р.38 (24,1 см.);https://rozetka.com.ua/ua/313707244/p313707244/;699;Немає в наявності
Тапочки женские деми Family 00-00005419 Красный р.40 (25,6 см.);https://rozetka.com.ua/ua/313706542/p313706542/;420;Немає в наявності
Тапочки женские деми Family 00-00007332 Бордовый р.38 (24,1 см.);https://rozetka.com.ua/ua/335845954/p335845954/;480;Немає в наявності
Тапочки женские деми Family 00-00007166 Розовый р.39 (25,5 см.);https://rozetka.com.ua/ua/335846734/p335846734/;699;Немає в наявності
Тапочки женские деми Family 00-00007477 Фиолетовый р.38/39 (24 см.);https://rozetka.com.ua/ua/335848129/p335848129/;549;Немає в наявності
Тапочки женские деми Family 00-00007313 Синий р.38 (24,1 см.);https://rozetka.com.ua/ua/335846149/p335846149/;420;Немає в наявності
Тапочки женские деми Family 00-00009899 Фиолетовый р.40/41 (25,5 см.);https://rozetka.com.ua/ua/319324900/p319324900/;499;Немає в наявності
Тапочки женские деми Family 00-00005337 Красный р.40 (25,6 см.);https://rozetka.com.ua/ua/313705270/p313705270/;350;Немає в наявності
Тапочки женские деми Family 00-00005477 Серый р.41 (27 см.);https://rozetka.com.ua/ua/313715707/p313715707/;480;Немає в наявності
Тапочки женские деми Family 00-00005451 Черный р.38 (24,1 см.);https://rozetka.com.ua/ua/313705672/p313705672/;420;Немає в наявності
Тапочки женские деми Family 00-00005392 Розовый р.37 (24 см.);https://rozetka.com.ua/ua/313712710/p313712710/;699;Немає в наявності
Тапочки женские деми Family 00-00005430 Серый р.38 (24,1 см.);https://rozetka.com.ua/ua/313715152/p313715152/;400;Немає в наявності
Тапочки женские деми Family 00-00005406 Черный р.39 (25,5 см.);https://rozetka.com.ua/ua/313714870/p313714870/;500;Немає в наявності
Тапочки женские деми Family 00-00005389 Фиолетовый р.38 (24,1 см.);https://rozetka.com.ua/ua/313709710/p313709710/;699;Немає в наявності
Тапочки женские деми Family 00-00005435 Черный р.36 (22,4 см.);https://rozetka.com.ua/ua/313708660/p313708660/;420;Немає в наявності
Тапочки женские деми Family 00-00005340 Красный р.38 (24,1 см.);https://rozetka.com.ua/ua/313710280/p313710280/;420;Немає в наявності
Тапочки женские деми Family 00-00005405 Черный р.38 (24,1 см.);https://rozetka.com.ua/ua/313711444/p313711444/;500;Немає в наявності
Тапочки женские деми Family 00-00005342 Красный р.41 (27 см.);https://rozetka.com.ua/ua/313711474/p313711474/;420;Немає в наявності
Тапочки женские деми Family 00-00005341 Красный р.40 (25,6 см.);https://rozetka.com.ua/ua/313711210/p313711210/;420;Немає в наявності
Тапочки женские деми Family 00-00005346 Красный р.37 (24 см.);https://rozetka.com.ua/ua/313711894/p313711894/;420;Немає в наявності
Тапочки женские деми Family 00-00005385 Черный р.38 (24,1 см.);https://rozetka.com.ua/ua/313712074/p313712074/;699;Немає в наявності
Тапочки женские деми Family 00-00005441 Зеленый р.36 (22,4 см.);https://rozetka.com.ua/ua/313711750/p313711750/;400;Немає в наявності
Тапочки женские деми Family 00-00005395 Зеленый р.37 (24 см.);https://rozetka.com.ua/ua/313712080/p313712080/;699;Немає в наявності
Тапочки женские деми Family 00-00005383 Розовый р.40 (25,6 см.);https://rozetka.com.ua/ua/313705024/p313705024/;699;Немає в наявності
Тапочки женские деми Family 00-00005439 Синий р.40 (25,6 см.);https://rozetka.com.ua/ua/313713454/p313713454/;400;Немає в наявності
Тапочки женские деми Family 00-00005463 Фиолетовый р.37 (24 см.);https://rozetka.com.ua/ua/313705414/p313705414/;480;Немає в наявності
Тапочки женские деми Family 00-00005394 Зеленый р.39 (25,5 см.);https://rozetka.com.ua/ua/313705684/p313705684/;699;Немає в наявності
Тапочки женские деми Family 00-00005470 Белый р.38 (24,1 см.);https://rozetka.com.ua/ua/313713310/p313713310/;480;Немає в наявності
Тапочки женские деми Family 00-00005369 Белый р.39 (25,5 см.);https://rozetka.com.ua/ua/313705000/p313705000/;480;Немає в наявності
Тапочки женские деми Family 00-00005378 Розовый р.37 (24 см.);https://rozetka.com.ua/ua/313714234/p313714234/;350;Немає в наявності
Тапочки женские деми Family 00-00005465 Бежевый р.41 (27 см.);https://rozetka.com.ua/ua/313705261/p313705261/;480;Немає в наявності
Тапочки женские деми Family 00-00005471 Бежевый р.39 (25,5 см.);https://rozetka.com.ua/ua/313708273/p313708273/;480;Немає в наявності
Тапочки женские деми Family 00-00005412 Зеленый р.36 (22,4 см.);https://rozetka.com.ua/ua/313714222/p313714222/;350;Немає в наявності
Тапочки женские деми Family 00-00007379 Бежевый р.38/39 (24 см.);https://rozetka.com.ua/ua/335845894/p335845894/;469;Немає в наявності
Тапочки женские деми Family 00-00007294 Серый р.38 (24,1 см.);https://rozetka.com.ua/ua/335847433/p335847433/;400;Немає в наявності
Тапочки женские деми Family 00-00005373 Розовый р.41 (27 см.);https://rozetka.com.ua/ua/313705960/p313705960/;480;Немає в наявності
Тапочки женские деми Family 00-00005391 Розовый р.38 (24,1 см.);https://rozetka.com.ua/ua/313707244/p313707244/;699;Немає в наявності
Тапочки женские деми Family 00-00005419 Красный р.40 (25,6 см.);https://rozetka.com.ua/ua/313706542/p313706542/;420;Немає в наявності
Тапочки женские деми Family 00-00007332 Бордовый р.38 (24,1 см.);https://rozetka.com.ua/ua/335845954/p335845954/;480;Немає в наявності
Тапочки женские деми Family 00-00007166 Розовый р.39 (25,5 см.);https://rozetka.com.ua/ua/335846734/p335846734/;699;Немає в наявності
Тапочки женские деми Family 00-00007477 Фиолетовый р.38/39 (24 см.);https://rozetka.com.ua/ua/335848129/p335848129/;549;Немає в наявності
Тапочки женские деми Family 00-00007313 Синий р.38 (24,1 см.);https://rozetka.com.ua/ua/335846149/p335846149/;420;Немає в наявності
Тапочки женские деми Family 00-00009899 Фиолетовый р.40/41 (25,5 см.);https://rozetka.com.ua/ua/319324900/p319324900/;499;Немає в наявності
Тапочки женские деми Family 00-00005337 Красный р.40 (25,6 см.);https://rozetka.com.ua/ua/313705270/p313705270/;350;Немає в наявності
Тапочки женские деми Family 00-00005477 Серый р.41 (27 см.);https://rozetka.com.ua/ua/313715707/p313715707/;480;Немає в наявності
Тапочки женские деми Family 00-00005451 Черный р.38 (24,1 см.);https://rozetka.com.ua/ua/313705672/p313705672/;420;Немає в наявності
Тапочки женские деми Family 00-00005392 Розовый р.37 (24 см.);https://rozetka.com.ua/ua/313712710/p313712710/;699;Немає в наявності
Тапочки женские деми Family 00-00005430 Серый р.38 (24,1 см.);https://rozetka.com.ua/ua/313715152/p313715152/;400;Немає в наявності
Тапочки женские деми Family 00-00005406 Черный р.39 (25,5 см.);https://rozetka.com.ua/ua/313714870/p313714870/;500;Немає в наявності
Тапочки женские деми Family 00-00005389 Фиолетовый р.38 (24,1 см.);https://rozetka.com.ua/ua/313709710/p313709710/;699;Немає в наявності
Тапочки женские деми Family 00-00005435 Черный р.36 (22,4 см.);https://rozetka.com.ua/ua/313708660/p313708660/;420;Немає в наявності
Тапочки женские деми Family 00-00005340 Красный р.38 (24,1 см.);https://rozetka.com.ua/ua/313710280/p313710280/;420;Немає в наявності
Тапочки женские деми Family 00-00005405 Черный р.38 (24,1 см.);https://rozetka.com.ua/ua/313711444/p313711444/;500;Немає в наявності
Тапочки женские деми Family 00-00005342 Красный р.41 (27 см.);https://rozetka.com.ua/ua/313711474/p313711474/;420;Немає в наявності
Тапочки женские деми Family 00-00005341 Красный р.40 (25,6 см.);https://rozetka.com.ua/ua/313711210/p313711210/;420;Немає в наявності
Тапочки женские деми Family 00-00005346 Красный р.37 (24 см.);https://rozetka.com.ua/ua/313711894/p313711894/;420;Немає в наявності
Тапочки женские деми Family 00-00005385 Черный р.38 (24,1 см.);https://rozetka.com.ua/ua/313712074/p313712074/;699;Немає в наявності
Тапочки женские деми Family 00-00005441 Зеленый р.36 (22,4 см.);https://rozetka.com.ua/ua/313711750/p313711750/;400;Немає в наявності
Тапочки женские деми Family 00-00005395 Зеленый р.37 (24 см.);https://rozetka.com.ua/ua/313712080/p313712080/;699;Немає в наявності
Тапочки женские деми Family 00-00005383 Розовый р.40 (25,6 см.);https://rozetka.com.ua/ua/313705024/p313705024/;699;Немає в наявності
Тапочки женские деми Family 00-00005439 Синий р.40 (25,6 см.);https://rozetka.com.ua/ua/313713454/p313713454/;400;Немає в наявності
Тапочки женские деми Family 00-00005463 Фиолетовый р.37 (24 см.);https://rozetka.com.ua/ua/313705414/p313705414/;480;Немає в наявності
Тапочки женские деми Family 00-00005394 Зеленый р.39 (25,5 см.);https://rozetka.com.ua/ua/313705684/p313705684/;699;Немає в наявності
Тапочки женские деми Family 00-00005470 Белый р.38 (24,1 см.);https://rozetka.com.ua/ua/313713310/p313713310/;480;Немає в наявності
Тапочки женские деми Family 00-00005369 Белый р.39 (25,5 см.);https://rozetka.com.ua/ua/313705000/p313705000/;480;Немає в наявності
Тапочки женские деми Family 00-00005378 Розовый р.37 (24 см.);https://rozetka.com.ua/ua/313714234/p313714234/;350;Немає в наявності
Тапочки женские деми Family 00-00005465 Бежевый р.41 (27 см.);https://rozetka.com.ua/ua/313705261/p313705261/;480;Немає в наявності
Тапочки женские деми Family 00-00005471 Бежевый р.39 (25,5 см.);https://rozetka.com.ua/ua/313708273/p313708273/;480;Немає в наявності
Тапочки женские деми Family 00-00005412 Зеленый р.36 (22,4 см.);https://rozetka.com.ua/ua/313714222/p313714222/;350;Немає в наявності
Тапочки женские деми Family 00-00007379 Бежевый р.38/39 (24 см.);https://rozetka.com.ua/ua/335845894/p335845894/;469;Немає в наявності
Тапочки женские деми Family 00-00007294 Серый р.38 (24,1 см.);https://rozetka.com.ua/ua/335847433/p335847433/;400;Немає в наявності
Тапочки женские деми Family 00-00005373 Розовый р.41 (27 см.);https://rozetka.com.ua/ua/313705960/p313705960/;480;Немає в наявності
Тапочки женские деми Family 00-00005391 Розовый р.38 (24,1 см.);https://rozetka.com.ua/ua/313707244/p313707244/;699;Немає в наявності
Тапочки женские деми Family 00-00005419 Красный р.40 (25,6 см.);https://rozetka.com.ua/ua/313706542/p313706542/;420;Немає в наявності
Тапочки женские деми Family 00-00007332 Бордовый р.38 (24,1 см.);https://rozetka.com.ua/ua/335845954/p335845954/;480;Немає в наявності
Тапочки женские деми Family 00-00007166 Розовый р.39 (25,5 см.);https://rozetka.com.ua/ua/335846734/p335846734/;699;Немає в наявності
Тапочки женские деми Family 00-00007477 Фиолетовый р.38/39 (24 см.);https://rozetka.com.ua/ua/335848129/p335848129/;549;Немає в наявності
Тапочки женские деми Family 00-00007313 Синий р.38 (24,1 см.);https://rozetka.com.ua/ua/335846149/p335846149/;420;Немає в наявності
Тапочки женские деми Family 00-00009899 Фиолетовый р.40/41 (25,5 см.);https://rozetka.com.ua/ua/319324900/p319324900/;499;Немає в наявності
Тапочки женские деми Family 00-00005337 Красный р.40 (25,6 см.);https://rozetka.com.ua/ua/313705270/p313705270/;350;Немає в наявності
Тапочки женские деми Family 00-00005477 Серый р.41 (27 см.);https://rozetka.com.ua/ua/313715707/p313715707/;480;Немає в наявності
Тапочки женские деми Family 00-00005451 Черный р.38 (24,1 см.);https://rozetka.com.ua/ua/313705672/p313705672/;420;Немає в наявності
Тапочки женские деми Family 00-00005392 Розовый р.37 (24 см.);https://rozetka.com.ua/ua/313712710/p313712710/;699;Немає в наявності
Тапочки женские деми Family 00-00005430 Серый р.38 (24,1 см.);https://rozetka.com.ua/ua/313715152/p313715152/;400;Немає в наявності
Тапочки женские деми Family 00-00005406 Черный р.39 (25,5 см.);https://rozetka.com.ua/ua/313714870/p313714870/;500;Немає в наявності
Тапочки женские деми Family 00-00005389 Фиолетовый р.38 (24,1 см.);https://rozetka.com.ua/ua/313709710/p313709710/;699;Немає в наявності
Тапочки женские деми Family 00-00005435 Черный р.36 (22,4 см.);https://rozetka.com.ua/ua/313708660/p313708660/;420;Немає в наявності
Тапочки женские деми Family 00-00005340 Красный р.38 (24,1 см.);https://rozetka.com.ua/ua/313710280/p313710280/;420;Немає в наявності
Тапочки женские деми Family 00-00005405 Черный р.38 (24,1 см.);https://rozetka.com.ua/ua/313711444/p313711444/;500;Немає в наявності
Тапочки женские деми Family 00-00005342 Красный р.41 (27 см.);https://rozetka.com.ua/ua/313711474/p313711474/;420;Немає в наявності
Тапочки женские деми Family 00-00005341 Красный р.40 (25,6 см.);https://rozetka.com.ua/ua/313711210/p313711210/;420;Немає в наявності
Тапочки женские деми Family 00-00005346 Красный р.37 (24 см.);https://rozetka.com.ua/ua/313711894/p313711894/;420;Немає в наявності
Тапочки женские деми Family 00-00005385 Черный р.38 (24,1 см.);https://rozetka.com.ua/ua/313712074/p313712074/;699;Немає в наявності
Тапочки женские деми Family 00-00005441 Зеленый р.36 (22,4 см.);https://rozetka.com.ua/ua/313711750/p313711750/;400;Немає в наявності
Тапочки женские деми Family 00-00005395 Зеленый р.37 (24 см.);https://rozetka.com.ua/ua/313712080/p313712080/;699;Немає в наявності
Тапочки женские деми Family 00-00005383 Розовый р.40 (25,6 см.);https://rozetka.com.ua/ua/313705024/p313705024/;699;Немає в наявності
Тапочки женские деми Family 00-00005439 Синий р.40 (25,6 см.);https://rozetka.com.ua/ua/313713454/p313713454/;400;Немає в наявності
Тапочки женские деми Family 00-00005463 Фиолетовый р.37 (24 см.);https://rozetka.com.ua/ua/313705414/p313705414/;480;Немає в наявності
Тапочки женские деми Family 00-00005394 Зеленый р.39 (25,5 см.);https://rozetka.com.ua/ua/313705684/p313705684/;699;Немає в наявності
Тапочки женские деми Family 00-00005470 Белый р.38 (24,1 см.);https://rozetka.com.ua/ua/313713310/p313713310/;480;Немає в наявності
Тапочки женские деми Family 00-00005369 Белый р.39 (25,5 см.);https://rozetka.com.ua/ua/313705000/p313705000/;480;Немає в наявності
Тапочки женские деми Family 00-00005378 Розовый р.37 (24 см.);https://rozetka.com.ua/ua/313714234/p313714234/;350;Немає в наявності
Тапочки женские деми Family 00-00005465 Бежевый р.41 (27 см.);https://rozetka.com.ua/ua/313705261/p313705261/;480;Немає в наявності
Тапочки женские деми Family 00-00005471 Бежевый р.39 (25,5 см.);https://rozetka.com.ua/ua/313708273/p313708273/;480;Немає в наявності
Тапочки женские деми Family 00-00005412 Зеленый р.36 (22,4 см.);https://rozetka.com.ua/ua/313714222/p313714222/;350;Немає в наявності
Тапочки женские деми Family 00-00007379 Бежевый р.38/39 (24 см.);https://rozetka.com.ua/ua/335845894/p335845894/;469;Немає в наявності
Тапочки женские деми Family 00-00007294 Серый р.38 (24,1 см.);https://rozetka.com.ua/ua/335847433/p335847433/;400;Немає в наявності
Тапочки женские деми Family 00-00005373 Розовый р.41 (27 см.);https://rozetka.com.ua/ua/313705960/p313705960/;480;Немає в наявності
Тапочки женские деми Family 00-00005391 Розовый р.38 (24,1 см.);https://rozetka.com.ua/ua/313707244/p313707244/;699;Немає в наявності
Тапочки женские деми Family 00-00005419 Красный р.40 (25,6 см.);https://rozetka.com.ua/ua/313706542/p313706542/;420;Немає в наявності
Тапочки женские деми Family 00-00007332 Бордовый р.38 (24,1 см.);https://rozetka.com.ua/ua/335845954/p335845954/;480;Немає в наявності
Тапочки женские деми Family 00-00007166 Розовый р.39 (25,5 см.);https://rozetka.com.ua/ua/335846734/p335846734/;699;Немає в наявності
Тапочки женские деми Family 00-00007477 Фиолетовый р.38/39 (24 см.);https://rozetka.com.ua/ua/335848129/p335848129/;549;Немає в наявності
Тапочки женские деми Family 00-00007313 Синий р.38 (24,1 см.);https://rozetka.com.ua/ua/335846149/p335846149/;420;Немає в наявності
Тапочки женские деми Family 00-00009899 Фиолетовый р.40/41 (25,5 см.);https://rozetka.com.ua/ua/319324900/p319324900/;499;Немає в наявності
Тапочки женские деми Family 00-00005337 Красный р.40 (25,6 см.);https://rozetka.com.ua/ua/313705270/p313705270/;350;Немає в наявності
Тапочки женские деми Family 00-00005477 Серый р.41 (27 см.);https://rozetka.com.ua/ua/313715707/p313715707/;480;Немає в наявності
Тапочки женские деми Family 00-00005451 Черный р.38 (24,1 см.);https://rozetka.com.ua/ua/313705672/p313705672/;420;Немає в наявності
Тапочки женские деми Family 00-00005392 Розовый р.37 (24 см.);https://rozetka.com.ua/ua/313712710/p313712710/;699;Немає в наявності
Тапочки женские деми Family 00-00005430 Серый р.38 (24,1 см.);https://rozetka.com.ua/ua/313715152/p313715152/;400;Немає в наявності
Тапочки женские деми Family 00-00005406 Черный р.39 (25,5 см.);https://rozetka.com.ua/ua/313714870/p313714870/;500;Немає в наявності
Тапочки женские деми Family 00-00005389 Фиолетовый р.38 (24,1 см.);https://rozetka.com.ua/ua/313709710/p313709710/;699;Немає в наявності
Тапочки женские деми Family 00-00005435 Черный р.36 (22,4 см.);https://rozetka.com.ua/ua/313708660/p313708660/;420;Немає в наявності
Тапочки женские деми Family 00-00005340 Красный р.38 (24,1 см.);https://rozetka.com.ua/ua/313710280/p313710280/;420;Немає в наявності
Тапочки женские деми Family 00-00005405 Черный р.38 (24,1 см.);https://rozetka.com.ua/ua/313711444/p313711444/;500;Немає в наявності
Тапочки женские деми Family 00-00005342 Красный р.41 (27 см.);https://rozetka.com.ua/ua/313711474/p313711474/;420;Немає в наявності
Тапочки женские деми Family 00-00005341 Красный р.40 (25,6 см.);https://rozetka.com.ua/ua/313711210/p313711210/;420;Немає в наявності
Тапочки женские деми Family 00-00005346 Красный р.37 (24 см.);https://rozetka.com.ua/ua/313711894/p313711894/;420;Немає в наявності
Тапочки женские деми Family 00-00005385 Черный р.38 (24,1 см.);https://rozetka.com.ua/ua/313712074/p313712074/;699;Немає в наявності
Тапочки женские деми Family 00-00005441 Зеленый р.36 (22,4 см.);https://rozetka.com.ua/ua/313711750/p313711750/;400;Немає в наявності
Тапочки женские деми Family 00-00005395 Зеленый р.37 (24 см.);https://rozetka.com.ua/ua/313712080/p313712080/;699;Немає в наявності
Тапочки женские деми Family 00-00005383 Розовый р.40 (25,6 см.);https://rozetka.com.ua/ua/313705024/p313705024/;699;Немає в наявності
Тапочки женские деми Family 00-00005439 Синий р.40 (25,6 см.);https://rozetka.com.ua/ua/313713454/p313713454/;400;Немає в наявності
Тапочки женские деми Family 00-00005463 Фиолетовый р.37 (24 см.);https://rozetka.com.ua/ua/313705414/p313705414/;480;Немає в наявності
Тапочки женские деми Family 00-00005394 Зеленый р.39 (25,5 см.);https://rozetka.com.ua/ua/313705684/p313705684/;699;Немає в наявності
Тапочки женские деми Family 00-00005470 Белый р.38 (24,1 см.);https://rozetka.com.ua/ua/313713310/p313713310/;480;Немає в наявності
Тапочки женские деми Family 00-00005369 Белый р.39 (25,5 см.);https://rozetka.com.ua/ua/313705000/p313705000/;480;Немає в наявності
Тапочки женские деми Family 00-00005378 Розовый р.37 (24 см.);https://rozetka.com.ua/ua/313714234/p313714234/;350;Немає в наявності
